Sharena,43,32,32,29,22,158,5,4_Star_Story,Blue,Lance,Infantry,0,0,0,1,0,0,0
Lugh,37,35,36,17,31,156,3,5_star,Green,Tome,Infantry,0,0,0,0,0,0,0
Legendary Roy,39,34,38,32,26,169,2,5_star,Red,Sword,Infantry,1,0,0,1,0,0,1
Panne,41,29,34,30,23,157,3,Grand_Hero_Battle,Blue,Beast,Horse,0,0,0,1,0,0,0
Selkie,35,29,38,19,35,156,3,5_star,Blue,Beast,Horse,0,0,0,1,0,0,0
Kaden,38,32,36,25,25,156,2,5_star,Green,Beast,Horse,0,0,0,1,0,0,0
Velouria,40,35,37,33,23,168,1,5_star,Gray,Beast,Infantry,0,0,0,1,0,0,0
Keaton,45,41,24,38,19,167,1,5_star,Red,Beast,Infantry,0,0,0,1,0,0,0
Valentine's Titania,35,30,33,17,30,145,4,Tempest_Trial,Red,Tome,Horse,0,0,0,0,0,0,0
Valentine's Ike,45,37,38,35,19,174,2,5_star,Red,Sword,Armored,0,0,0,0,0,0,0
Valentine's Mist,36,34,34,17,23,144,4,5_star,Green,Tome,Horse,0,0,0,0,0,0,0
Valentine's Soren,37,35,33,14,25,144,4,5_star,Blue,Tome,Horse,0,0,0,0,0,0,0
Valentine's Greil,47,41,18,38,30,174,2,5_star,Green,Axe,Armored,0,0,0,0,0,0,0
Duma,48,40,21,34,31,174,2,5_star,Gray,Dragon,Armored,0,1,0,1,0,0,1
Hostile Springs Camilla,38,33,35,17,28,151,3,Tempest_Trial,Gray,Dagger,Flier,0,0,0,0,0,0,0
Thea,37,31,35,31,28,162,4,4_5,Blue,Lance,Flier,0,0,0,0,0,0,0
Reyson,37,29,34,24,26,150,1,4_5,Green,Beast,Flier,0,0,0,1,1,0,0
New Year Gunnthrá,38,34,37,27,26,162,3,5_star,Red,Sword,Flier,0,0,0,1,0,0,0
New Year Laegjarn,38,32,35,35,17,157,4,Tempest_Trial,Blue,Lance,Horse,0,0,0,0,0,0,0
New Year Hríd,42,38,19,36,27,162,4,5_star,Red,Sword,Flier,0,0,0,0,0,0,0
New Year Laevatein,33,36,30,27,18,144,2,5_star,Gray,Staff,Horse,0,0,0,0,0,0,0
Leanne,36,27,37,16,34,150,1,5_star,Gray,Beast,Flier,0,0,0,1,1,0,0
Nailah,40,31,37,32,23,163,2,5_star,Blue,Beast,Infantry,0,0,0,1,0,0,1
Hostile Springs Hinoka,38,35,35,16,26,150,3,5_star,Green,Dagger,Flier,0,0,0,0,0,0,0
Naesala,39,32,38,24,29,162,3,Grand_Hero_Battle,Blue,Beast,Flier,0,0,0,1,0,0,0
Hostile Springs Ryoma,40,35,36,28,23,162,4,5_star,Blue,Lance,Flier,0,0,0,0,0,0,0
Hostile Springs Sakura,36,35,32,26,21,150,2,5_star,Gray,Staff,Flier,0,0,0,0,0,0,0
Hostile Springs Elise,34,33,37,18,22,144,3,5_star,Red,Dagger,Horse,0,0,0,0,0,0,0
Sue,36,32,38,23,20,149,4,5_star,Green,Bow,Horse,0,0,0,0,0,0,0
Idunn,45,35,26,39,34,179,1,5_star,Red,Dragon,Armored,0,0,0,1,0,0,0
Legendary Azura,33,30,35,17,24,139,1,5_star,Blue,Tome,Flier,1,0,0,1,1,0,0
Fallen Tiki (Young),45,36,34,37,28,180,1,5_star,Gray,Dragon,Armored,0,0,0,1,0,0,1
Picnic Leo,37,33,21,27,28,146,5,Tempest_Trial,Green,Tome,Horse,0,0,0,0,0,0,0
Legendary Alm,40,37,37,26,22,162,1,5_star,Gray,Bow,Infantry,1,0,0,1,0,1,0
Fallen Mareeta,42,33,41,29,23,168,2,5_star,Red,Sword,Infantry,0,0,0,1,0,0,0
Fallen Berkut,40,35,17,35,30,157,3,5_star,Blue,Lance,Horse,0,0,0,0,0,0,0
Fallen Corrin (F),43,35,37,31,27,173,1,5_star,Gray,Dragon,Infantry,0,0,0,1,0,0,0
Fallen Delthea,41,36,33,19,28,157,3,Grand_Hero_Battle,Blue,Tome,Infantry,0,0,0,1,0,0,0
Picnic Genny,35,36,24,14,34,143,3,5_star,Gray,Staff,Horse,0,0,0,0,0,0,0
Bridal Tanith,37,34,36,33,21,161,4,5_star,Blue,Lance,Flier,0,0,0,0,0,0,0
Bridal Sigrun,35,31,38,27,31,162,3,5_star,Red,Sword,Flier,0,0,0,0,0,0,0
Groom Pent,37,33,34,19,21,144,4,5_star,Blue,Tome,Horse,0,0,0,0,0,0,0
Bridal Fjorm,42,34,34,17,23,150,1,5_star,Gray,Staff,Flier,0,0,0,1,0,0,0
Bridal Louise,39,31,34,17,30,151,4,Tempest_Trial,Gray,Bow,Horse,0,0,0,0,0,0,0
Naga (Unit),37,30,36,33,26,162,3,5_star,Blue,Dragon,Flier,0,1,0,1,0,0,1
Picnic Felicia,43,30,37,30,35,175,2,5_star,Green,Axe,Armored,0,0,0,1,0,0,0
Picnic Lukas,51,37,21,42,22,173,3,5_star,Blue,Lance,Armored,0,0,0,0,0,0,0
Rutger,44,32,39,29,24,168,4,Grand_Hero_Battle,Red,Sword,Infantry,0,0,0,0,0,0,0
Spring Palla,38,37,34,17,29,155,3,5_star,Red,Dagger,Flier,0,0,0,0,0,0,0
Spring Marisa,42,33,38,28,21,162,4,5_star,Blue,Lance,Flier,0,0,0,0,0,0,0
Spring Bruno,41,30,24,35,14,144,4,5_star,Gray,Staff,Horse,0,0,0,0,0,0,0
Spring Veronica,38,35,36,16,25,150,3,5_star,Green,Tome,Flier,0,0,0,1,0,0,0
Spring Loki,39,31,34,27,25,156,4,Tempest_Trial,Gray,Bow,Flier,0,0,0,0,0,0,0
Picnic Flora,43,38,22,29,38,170,2,5_star,Red,Dagger,Armored,0,0,0,1,0,0,0
Yune,38,33,27,15,37,150,2,5_star,Green,Tome,Flier,0,1,0,1,0,0,1
Ranulf,40,30,37,33,17,157,3,5_star,Green,Beast,Horse,0,0,0,1,0,0,0
Lethe,41,33,38,26,19,157,2,5_star,Red,Beast,Horse,0,0,0,1,0,0,0
Mordecai,47,37,24,39,20,167,3,4_5,Blue,Beast,Infantry,0,0,0,1,0,0,0
Caineghis,47,37,23,37,30,174,1,5_star,Gray,Beast,Armored,0,0,0,1,0,0,0
Haar,45,37,25,36,18,161,5,Grand_Hero_Battle,Green,Axe,Flier,0,0,0,0,0,0,0
New Year Fjorm,39,35,35,20,21,150,3,5_star,Green,Bow,Flier,0,0,0,0,0,0,0
Winter Cecilia,41,35,23,30,36,165,2,Tempest_Trial,Gray,Dagger,Armored,0,0,0,0,0,0,0
Kjelle,47,40,22,37,28,174,2,5_star,Blue,Lance,Armored,0,0,0,0,0,0,0
Maribelle,34,35,33,16,27,145,2,5_star,Gray,Staff,Horse,0,0,0,0,0,0,0
Jamke,38,36,32,29,17,152,3,Grand_Hero_Battle,Gray,Bow,Infantry,0,0,0,0,0,0,0
Legendary Marth,40,34,36,32,21,163,2,5_star,Red,Sword,Infantry,1,0,1,1,0,1,0
Brave Hector,48,37,22,39,28,174,2,5_star,Blue,Lance,Armored,0,0,0,1,0,0,1
Brave Celica,38,33,39,29,24,163,2,5_star,Red,Sword,Infantry,0,0,0,1,0,0,1
Brave Ephraim,46,38,27,37,26,174,2,5_star,Green,Axe,Armored,0,0,0,1,0,0,0
Brave Veronica,36,32,36,21,19,144,1,5_star,Gray,Staff,Horse,0,0,0,1,0,0,0
Hoshidan Summer Micaiah,33,34,20,18,34,139,1,5_star,Red,Tome,Infantry,0,0,0,1,1,0,0
Hoshidan Summer Ryoma,36,32,34,21,17,140,3,5_star,Blue,Dagger,Infantry,0,0,0,0,1,0,0
Hoshidan Summer Elincia,34,29,35,20,21,139,3,5_star,Green,Dagger,Infantry,0,0,0,0,1,0,0
Hoshidan Summer Xander,38,35,17,34,16,140,3,5_star,Gray,Dagger,Infantry,0,0,0,0,1,0,0
Legendary Lucina,36,34,35,25,20,150,2,5_star,Blue,Bow,Infantry,1,0,0,1,1,0,0
Walhart,41,37,27,36,16,157,4,Grand_Hero_Battle,Green,Axe,Horse,0,0,0,1,0,0,0
Sumia,39,30,39,29,25,162,4,5_star,Blue,Lance,Flier,0,0,0,0,0,0,0
Olivia (YT),36,30,34,26,23,149,3,5_star,Red,Sword,Flier,0,0,0,1,1,0,0
Libra,40,35,32,28,29,164,3,3_4,Green,Axe,Infantry,0,0,0,0,0,0,0
Silvia,40,27,36,17,30,150,3,3_4,Red,Sword,Infantry,0,0,0,0,1,0,0
Summer Cordelia,41,32,38,28,18,157,4,5_star,Blue,Lance,Horse,0,0,0,0,0,0,0
Karla,42,35,40,23,22,162,2,5_star,Red,Sword,Infantry,0,0,0,1,0,0,0
Legault,39,31,38,24,19,151,3,3_4,Gray,Dagger,Infantry,0,0,0,0,0,0,0
Nino (SF),36,33,38,17,25,149,3,5_star,Green,Tome,Flier,0,0,0,1,0,0,0
Linus,42,37,33,32,19,163,2,Grand_Hero_Battle,Green,Axe,Infantry,0,0,0,1,0,0,0
Canas,36,32,29,21,33,151,5,Tempest_Trial,Red,Tome,Infantry,0,0,0,0,0,0,0
Summer Noire,36,32,36,27,20,151,3,5_star,Gray,Bow,Infantry,0,0,0,0,0,0,0
Summer Camilla,39,33,36,23,19,150,4,5_star,Blue,Tome,Flier,0,0,0,0,0,0,0
Summer Innes,42,33,37,30,20,162,4,5_star,Gray,Axe,Flier,0,0,0,0,0,0,0
Summer Tana,35,33,36,20,25,149,3,5_star,Red,Tome,Flier,0,0,0,1,0,0,0
Legendary Hector,47,40,23,38,26,174,1,5_star,Green,Axe,Armored,1,0,0,1,0,0,1
Summer Linde,33,34,35,16,26,144,3,5_star,Gray,Dagger,Horse,0,0,0,0,0,0,0
Summer Tiki (Young),40,33,37,32,26,168,3,5_star,Red,Dragon,Flier,0,0,0,1,0,0,0
Summer Takumi,40,35,35,21,19,150,3,5_star,Gray,Bow,Flier,0,0,0,0,0,0,0
Quan,44,37,29,31,16,157,4,5_star,Blue,Lance,Horse,0,0,0,1,0,0,0
Lewyn,38,34,37,17,25,151,2,5_star,Green,Tome,Infantry,0,0,0,1,0,0,0
Winter Eirika,42,36,23,30,34,165,2,5_star,Gray,Staff,Armored,0,0,0,0,0,0,0
Hríd,41,37,17,36,26,157,2,5_star,Red,Sword,Horse,1,0,0,1,0,0,1
Adrift Corrin (M),42,35,35,31,24,167,2,5_star,Blue,Dragon,Infantry,0,0,0,1,0,0,0
Mikoto,38,35,32,20,26,151,3,5_star,Gray,Staff,Infantry,0,0,0,0,0,0,0
Adrift Camilla,36,37,30,17,30,150,3,5_star,Red,Tome,Flier,0,0,0,1,0,0,0
Azura (Young),36,33,29,17,25,140,3,Tempest_Trial,Green,Tome,Infantry,0,0,0,1,1,0,0
Ylgr,38,33,38,22,20,151,3,5_star,Blue,Dagger,Infantry,0,0,0,1,0,0,0
Gharnef,38,30,34,27,23,152,4,Grand_Hero_Battle,Red,Tome,Infantry,0,0,0,1,0,0,0
Eir,35,32,37,14,31,149,2,5_star,Gray,Dagger,Flier,0,1,0,1,0,0,1
Legendary Eirika,38,31,39,27,21,156,2,5_star,Red,Sword,Horse,1,0,0,1,0,0,1
Tibarn,41,38,31,34,18,162,1,5_star,Red,Beast,Flier,0,0,0,1,0,0,0
Líf,42,38,30,34,29,173,2,5_star,Red,Sword,Infantry,0,1,0,1,0,1,1
Thrasir,40,33,39,23,27,162,1,5_star,Green,Tome,Infantry,0,1,0,1,0,0,1
Winter Fae,45,35,26,33,41,180,2,5_star,Green,Dragon,Armored,0,0,0,0,0,0,0
Winter Ephraim,45,41,23,36,29,174,2,5_star,Blue,Lance,Armored,0,0,0,1,0,0,0
Adrift Corrin (F),41,31,37,32,27,168,2,5_star,Green,Dragon,Infantry,0,0,0,1,0,0,0
Aversa,42,33,34,17,24,150,3,Grand_Hero_Battle,Red,Tome,Flier,0,0,0,1,0,0,0
Ethlyn,38,28,34,26,20,146,3,Tempest_Trial,Gray,Staff,Horse,0,0,0,0,0,0,0
Helbindi,44,35,18,35,31,163,3,5_star,Green,Axe,Infantry,0,0,0,1,0,0,0
Ophelia,38,37,33,20,23,151,1,5_star,Blue,Tome,Infantry,0,0,0,1,0,0,0
Nina,35,32,37,16,31,151,3,5_star,Gray,Bow,Infantry,0,0,0,0,0,0,0
Silas,40,35,24,36,21,156,4,3_4,Blue,Lance,Horse,0,0,0,0,0,0,0
Flora,38,34,23,18,38,151,3,5_star,Red,Dagger,Infantry,0,0,0,1,0,0,0
Garon,43,33,22,33,32,163,3,Grand_Hero_Battle,Red,Dragon,Infantry,0,0,0,1,0,0,0
Laegjarn,41,32,36,36,17,162,3,5_star,Red,Sword,Flier,0,0,0,1,0,0,0
Legendary Tiki (Young),45,34,35,37,29,180,2,5_star,Blue,Dragon,Armored,1,0,0,1,0,0,1
Owain,41,32,37,31,22,163,2,5_star,Red,Sword,Infantry,0,0,0,1,0,0,0
Halloween Mia,36,30,34,22,28,150,2,5_star,Gray,Staff,Flier,0,0,0,0,0,0,0
Halloween Kagero,41,38,21,32,33,165,2,5_star,Green,Dagger,Armored,0,0,0,0,0,0,0
Halloween Niles,37,34,39,25,29,164,2,5_star,Blue,Bow,Armored,0,0,0,0,0,0,0
Halloween Myrrh,46,38,23,40,32,179,2,5_star,Red,Dragon,Armored,0,0,0,1,0,0,0
Halloween Dorcas,49,41,25,37,21,173,2,Tempest_Trial,Green,Axe,Armored,0,0,0,0,0,0,0
Kliff,37,30,37,25,28,157,3,5_star,Blue,Tome,Infantry,0,0,0,1,0,0,0
Yarne,40,35,33,32,17,157,2,5_star,Green,Beast,Horse,0,0,0,1,0,0,0
Brady,41,33,32,23,28,157,3,4_5,Gray,Staff,Infantry,0,0,0,0,0,0,0
Groom Marth,40,31,36,30,20,157,4,Tempest_Trial,Green,Axe,Horse,0,0,0,0,0,0,0
Ced,37,35,39,19,31,161,2,5_star,Green,Tome,Infantry,0,0,0,1,0,0,0
Nils,45,31,35,26,25,162,2,5_star,Blue,Dragon,Infantry,0,0,0,1,1,0,0
Valentine Silque,40,28,22,32,29,151,4,Tempest_Trial,Gray,Staff,Horse,0,0,0,0,0,0,0
Valentine Conrad,39,32,23,33,35,162,4,4_5,Red,Sword,Horse,0,0,0,0,0,0,0
Valentine Faye,43,40,23,35,38,179,1,5_star,Gray,Bow,Armored,0,0,0,0,0,0,0
Valentine Rudolf,46,43,21,41,29,180,1,5_star,Blue,Lance,Armored,0,0,0,1,0,0,0
Valentine Alm,40,35,40,32,25,172,1,5_star,Green,Axe,Infantry,0,0,1,1,0,1,0
Itsuki,41,37,30,33,32,173,3,Tempest_Trial,Red,Sword,Infantry,0,0,0,1,0,0,0
Tsubasa,39,32,40,26,30,167,2,5_star,Blue,Lance,Flier,0,0,0,1,0,0,0
Mamori,43,37,24,42,33,179,1,5_star,Green,Axe,Armored,0,0,0,1,0,0,0
Kiria,38,41,20,29,34,162,2,5_star,Red,Tome,Infantry,0,0,0,1,0,0,0
Eleonora,42,37,38,25,24,166,2,5_star,Gray,Bow,Infantry,0,0,0,1,0,0,0
Travant,46,36,26,40,18,166,5,Grand_Hero_Battle,Blue,Lance,Flier,0,0,0,0,0,0,0
Larcei,41,36,40,30,25,172,1,5_star,Red,Sword,Infantry,0,0,0,1,0,1,0
Altena,45,37,25,39,20,166,4,4_5,Blue,Lance,Flier,0,0,0,1,0,0,0
Fiora,38,32,38,21,37,166,4,5_star,Blue,Lance,Flier,0,0,0,0,0,0,0
Winter Marth,42,36,41,30,25,174,1,5_star,Gray,Bow,Armored,0,0,1,1,0,1,0
Tanya,41,30,37,25,28,161,4,3_4,Gray,Bow,Infantry,0,0,0,0,0,0,0
Kempf,42,33,33,27,26,161,4,Grand_Hero_Battle,Red,Sword,Horse,0,0,0,1,0,0,0
Winter Nino,40,35,41,22,31,169,2,5_star,Blue,Tome,Armored,0,0,0,0,0,0,0
Winter Sothis,44,35,41,30,35,185,1,5_star,Green,Dragon,Armored,0,0,0,1,0,1,0
Winter Zephiel,48,38,19,38,36,179,2,5_star,Red,Sword,Armored,0,0,0,0,0,0,0
Winter Jaffar,44,35,37,31,27,174,2,Tempest_Trial,Green,Dagger,Armored,0,0,0,0,0,0,0
Shannan,43,38,36,37,18,172,1,5_star,Red,Sword,Infantry,0,0,0,1,0,1,0
Legendary Celica,40,38,38,18,28,162,1,5_star,Green,Tome,Infantry,1,0,0,1,0,0,1
New Year Alfonse,41,38,17,35,30,161,1,5_star,Blue,Tome,Infantry,0,0,1,1,0,1,0
New Year Lethe,41,35,41,27,18,162,2,5_star,Green,Beast,Horse,0,0,0,1,0,0,0
New Year Selkie,35,31,39,16,40,161,2,5_star,Gray,Beast,Horse,0,0,0,1,0,0,0
New Year Anna,40,34,40,16,37,167,3,5_star,Red,Bow,Infantry,0,0,0,0,0,0,0
New Year Eir,39,31,36,21,34,161,4,Tempest_Trial,Red,Dagger,Flier,0,0,0,0,0,0,0
Rath,41,33,35,23,24,156,4,3_4,Green,Bow,Horse,0,0,0,0,0,0,0
Leila,40,36,41,23,26,166,1,5_star,Gray,Dagger,Infantry,0,0,0,1,0,0,0
Osian,42,35,36,33,27,173,2,5_star,Green,Axe,Infantry,0,0,0,1,0,0,0
Fallen Lyon,40,40,16,32,35,163,1,5_star,Green,Tome,Infantry,0,0,0,1,0,0,0
Young Caeda,36,33,42,25,30,166,1,5_star,Red,Sword,Flier,0,0,0,1,0,0,1
Young Merric,41,34,41,21,25,162,2,5_star,Green,Tome,Infantry,0,0,0,1,0,0,0
Duo Palla,40,39,31,33,24,167,1,5_star,Blue,Lance,Flier,0,0,1,1,0,0,0
Young Minerva,40,36,37,35,19,167,3,Tempest_Trial,Green,Axe,Flier,0,0,0,1,0,0,1
Legendary Edelgard,45,42,17,39,36,179,1,5_star,Green,Axe,Armored,1,0,0,1,0,0,1
Fallen Corrin (M),42,38,38,33,26,177,2,5_star,Blue,Dragon,Infantry,0,0,0,1,0,0,0
Fallen Julia,39,41,24,17,40,161,1,5_star,Red,Tome,Infantry,0,0,0,1,0,0,1
Iago,42,38,27,23,32,162,3,Grand_Hero_Battle,Red,Tome,Infantry,0,0,0,1,0,0,0
Fallen Ike,40,35,42,32,23,172,1,5_star,Red,Sword,Infantry,0,0,0,1,0,1,0
Fallen Ashnard,43,37,21,35,31,167,4,Grand_Hero_Battle,Red,Sword,Flier,0,0,0,1,0,0,0
Young Marth,41,36,37,32,26,172,2,4_5,Red,Sword,Infantry,0,0,0,1,0,1,0
Lilith,39,36,41,27,30,173,3,5_star,Blue,Dragon,Flier,0,0,0,1,0,0,0
Heath,40,35,33,33,27,168,4,Grand_Hero_Battle,Blue,Lance,Flier,0,0,0,0,0,0,0
Spring Est,39,38,35,17,26,155,2,5_star,Blue,Tome,Flier,0,0,0,1,0,0,0
Legendary Chrom,41,42,26,34,25,168,1,5_star,Blue,Bow,Infantry,1,0,0,1,1,0,0
Bernadetta,38,32,38,22,26,156,2,5_star,Gray,Bow,Horse,0,0,0,1,0,0,0
Lysithea,37,41,37,21,24,160,2,5_star,Red,Tome,Infantry,0,0,0,1,0,0,0
Annette,40,39,36,28,30,173,1,5_star,Green,Axe,Infantry,0,0,0,1,0,0,0
Ferdinand,41,32,35,30,24,162,4,3_4,Blue,Lance,Horse,0,0,0,0,0,0,0
Flame Emperor,50,40,25,37,26,178,2,Grand_Hero_Battle,Green,Axe,Armored,0,0,0,0,0,0,0
Spring Fir,39,35,41,28,24,167,2,5_star,Green,Axe,Flier,0,0,0,1,0,0,0
Forrest,39,32,26,19,35,151,4,3_4,Gray,Staff,Horse,0,0,0,0,0,0,0
Spring Narcian,43,35,34,37,18,167,4,4_5,Blue,Lance,Flier,0,0,0,0,0,0,0
Spring Idunn,46,37,26,37,38,184,1,5_star,Red,Dragon,Armored,0,0,1,1,0,0,0
Spring Bartre,46,40,26,35,25,172,4,Tempest_Trial,Red,Sword,Infantry,0,0,0,0,0,0,0
Bramimond,39,40,27,21,35,162,1,5_star,Gray,Tome,Infantry,0,1,0,0,0,0,1
Midori,41,41,30,34,21,167,3,5_star,Red,Bow,Infantry,0,0,0,0,0,0,0
Rinkah,40,34,39,41,18,172,2,5_star,Green,Axe,Infantry,0,0,0,1,0,0,0
Peony,38,31,36,16,24,145,1,5_star,Blue,Tome,Flier,0,1,0,1,1,0,0
Eyvel,41,33,35,38,25,172,4,5_star,Red,Sword,Infantry,0,0,0,0,0,0,0
Nah,44,34,25,38,32,173,2,5_star,Red,Dragon,Infantry,0,0,0,1,0,0,0
Brave Alm,42,38,35,37,20,172,2,5_star,Red,Sword,Infantry,0,0,0,1,0,0,1
Byleth (M),40,36,38,34,20,168,1,5_star,Red,Sword,Infantry,0,0,0,1,0,0,0
Kronya,44,31,39,22,26,162,2,Grand_Hero_Battle,Gray,Dagger,Infantry,0,0,0,1,0,0,0
Sothis,41,34,39,32,27,173,2,5_star,Red,Dragon,Infantry,0,1,0,1,0,1,0
Brave Camilla,39,33,37,21,25,155,2,5_star,Gray,Staff,Flier,0,0,0,1,0,0,0
Brave Eliwood,40,37,35,32,18,162,2,5_star,Blue,Lance,Horse,0,0,0,1,0,0,0
Brave Micaiah,36,37,28,17,37,155,2,5_star,Green,Tome,Flier,0,0,0,1,1,0,1
Hilda,43,37,37,28,23,168,2,5_star,Green,Axe,Infantry,0,0,0,1,0,0,0
Claude,39,33,37,20,21,150,2,5_star,Gray,Bow,Horse,0,0,0,1,0,0,0
Hubert,41,39,32,19,25,156,3,5_star,Red,Tome,Infantry,0,0,0,0,0,0,0
Mercedes,39,33,30,22,33,157,3,4_5,Gray,Staff,Infantry,0,0,0,0,0,0,0
Petra,40,32,38,25,20,155,3,5_star,Blue,Dagger,Flier,0,0,0,1,0,0,0
Death Knight,40,35,25,30,27,157,3,Grand_Hero_Battle,Blue,Lance,Horse,0,0,0,1,0,0,0
Sigrun,37,32,36,28,34,167,4,Tempest_Trial,Blue,Lance,Flier,0,0,0,0,0,0,0
Legendary Julia,40,39,28,19,36,162,1,5_star,Blue,Tome,Infantry,1,0,0,1,0,0,1
Byleth (F),40,34,40,33,21,168,1,5_star,Red,Sword,Infantry,0,0,0,1,0,0,0
Dimitri,40,36,29,34,18,157,2,5_star,Blue,Lance,Horse,0,0,0,1,0,0,0
Soiree Berkut,41,36,23,37,24,161,2,5_star,Blue,Lance,Infantry,0,0,0,1,1,0,0
Summer Laegjarn,37,34,37,20,21,149,2,5_star,Blue,Tome,Flier,0,0,0,1,0,0,0
Cynthia,38,32,37,27,29,163,4,Grand_Hero_Battle,Blue,Lance,Flier,0,0,0,0,0,0,0
Summer Gunnthrá,39,33,37,17,24,150,3,5_star,Gray,Dagger,Horse,0,0,0,0,0,0,0
Summer Laevatein,38,38,16,31,26,149,4,5_star,Green,Tome,Flier,0,0,0,0,0,0,0
Summer Helbindi,44,36,18,37,33,168,4,5_star,Red,Sword,Infantry,0,0,0,0,0,0,0
Summer Ylgr,42,35,36,30,25,168,3,Tempest_Trial,Green,Axe,Infantry,0,0,0,0,0,0,0
Edelgard,41,39,30,37,21,168,2,5_star,Green,Axe,Infantry,0,0,0,1,0,0,0
Legendary Eliwood,37,36,34,33,16,156,1,5_star,Red,Sword,Horse,1,0,0,1,0,0,1
Summer Ursula,36,36,34,16,28,150,2,5_star,Gray,Dagger,Horse,0,0,0,0,0,0,0
Summer Lilina,35,38,25,16,35,149,3,5_star,Red,Dagger,Horse,0,0,0,0,0,0,0
Summer Wolt,40,34,34,25,17,150,4,5_star,Green,Bow,Horse,0,0,0,0,0,0,0
Summer Lyn,37,33,38,20,27,155,3,5_star,Blue,Bow,Flier,0,0,0,1,0,0,0
Summer Fiora,40,32,37,26,28,163,4,Tempest_Trial,Red,Sword,Flier,0,0,0,0,0,0,0
Soiree Ishtar,36,34,36,16,22,144,2,5_star,Red,Tome,Flier,0,0,0,1,1,0,0
Soiree Nephenee,37,35,36,24,25,157,2,5_star,Gray,Bow,Infantry,0,0,0,0,0,0,0
Mareeta,41,35,42,31,23,172,1,5_star,Red,Sword,Infantry,0,0,0,1,0,0,0
Cormag,42,36,32,34,23,167,4,Grand_Hero_Battle,Blue,Lance,Flier,0,0,0,0,0,0,0
Legendary Leif,40,38,22,29,27,156,1,5_star,Gray,Bow,Horse,1,0,0,1,0,1,1
Tethys,38,27,35,23,34,157,2,4_5,Gray,Dagger,Infantry,0,0,0,0,1,0,0
Gerik,47,37,36,30,22,172,3,5_star,Green,Axe,Infantry,0,0,0,0,0,0,0
Ewan,38,37,33,23,35,166,3,5_star,Red,Tome,Infantry,0,0,0,0,0,0,0
Duo Ephraim,41,39,30,37,25,172,1,5_star,Blue,Lance,Infantry,0,0,1,1,0,0,0
Ross,47,38,31,32,24,172,3,3_4,Green,Axe,Infantry,0,0,0,0,0,0,0
Larum,37,32,39,18,30,156,2,5_star,Gray,Dagger,Infantry,0,0,0,0,1,0,0
Valbar,49,35,25,38,26,173,3,3_4,Blue,Lance,Armored,0,0,0,0,0,0,0
Perceval,38,32,37,28,27,162,2,5_star,Blue,Lance,Horse,0,0,0,1,0,0,0
Echidna,45,34,36,30,27,172,3,4_5,Green,Axe,Infantry,0,0,0,0,0,0,0
Igrene,42,37,37,26,24,166,2,5_star,Red,Bow,Infantry,0,0,0,1,0,0,0
Chad,45,30,37,26,23,161,4,3_4,Gray,Dagger,Infantry,0,0,0,0,0,0,0
Brunnya,42,35,31,21,33,162,2,Tempest_Trial,Blue,Tome,Infantry,0,0,0,1,0,0,0
Altina,42,38,20,30,36,166,1,5_star,Red,Sword,Flier,0,1,0,1,0,1,1
Conrad,40,31,22,34,35,162,4,Grand_Hero_Battle,Blue,Lance,Horse,0,0,0,0,0,0,0
Valentian Catria,41,38,36,27,24,166,2,5_star,Red,Sword,Flier,0,0,0,1,0,0,0
Soiree Reinhardt,38,34,21,27,25,145,2,5_star,Green,Tome,Flier,0,0,0,1,1,0,0
Astram,44,35,36,36,21,172,3,Grand_Hero_Battle,Red,Sword,Infantry,0,0,0,1,0,0,0
Soiree Rinea,38,30,33,23,28,152,3,Tempest_Trial,Blue,Tome,Infantry,0,0,0,0,1,0,0
Phina,40,35,37,26,23,161,2,5_star,Red,Sword,Infantry,0,0,0,1,1,0,0
Sirius (Unit),40,34,37,35,16,162,2,5_star,Blue,Lance,Horse,0,0,0,1,0,0,0
Norne,42,32,36,31,27,168,3,4_5,Gray,Bow,Infantry,0,0,0,0,0,0,0
Nagi,46,37,19,36,41,179,1,5_star,Green,Dragon,Armored,0,0,0,1,0,0,0
Bantu,45,34,28,35,26,168,3,3_4,Red,Dragon,Infantry,0,0,0,0,0,0,0
Halloween L'Arachel,39,36,34,22,20,151,3,5_star,Green,Tome,Horse,0,0,0,0,0,0,0
Silque,39,33,23,35,31,161,2,5_star,Gray,Staff,Infantry,0,0,0,0,0,0,0
Halloween Dozla,45,38,29,35,27,174,2,5_star,Gray,Dagger,Armored,0,0,0,0,0,0,0
Halloween Ilyana,41,38,23,30,37,169,2,5_star,Blue,Tome,Armored,0,0,0,0,0,0,0
Halloween Rolf,40,30,36,28,23,157,4,Tempest_Trial,Gray,Bow,Horse,0,0,0,0,0,0,0
Halloween Hector,47,41,26,39,27,180,1,5_star,Red,Sword,Armored,0,0,1,1,0,0,0
Forsyth,47,40,20,39,33,179,1,5_star,Blue,Lance,Armored,0,0,0,1,0,0,0
Python,38,32,35,31,20,156,4,4_5,Green,Bow,Horse,0,0,0,0,0,0,0
Legendary Ryoma,41,34,39,28,20,162,3,5_star,Red,Sword,Flier,1,0,0,1,0,0,1
Bridal Tharja,39,35,35,21,21,151,3,5_star,Red,Tome,Infantry,0,0,0,1,0,0,0
Alfonse,43,35,25,32,22,157,5,4_Star_Story,Red,Sword,Infantry,0,0,0,1,0,0,0
Hector,52,36,24,37,19,168,2,5_Legacy,Green,Axe,Armored,0,0,0,1,0,0,0
Lachesis,39,32,25,22,30,148,4,3_4,Gray,Staff,Infantry,0,0,0,0,0,0,0
Klein,40,31,33,20,24,148,3,3_4,Gray,Bow,Infantry,0,0,0,1,0,0,0
Sanaki,33,37,26,17,34,147,3,5_Legacy,Red,Tome,Infantry,0,0,0,1,0,0,0
Seliph,47,34,24,30,22,157,4,3_4,Red,Sword,Infantry,0,0,0,1,0,0,0
Julia,38,35,26,17,32,148,2,5_Legacy,Green,Tome,Infantry,0,0,0,1,0,0,0
Ephraim,45,35,25,32,20,157,3,5_Legacy,Blue,Lance,Infantry,0,0,0,1,0,0,0
Eirika,42,26,35,26,28,157,3,3_4,Red,Sword,Infantry,0,0,0,1,0,0,0
Michalis,43,34,26,35,19,157,5,Grand_Hero_Battle,Green,Axe,Flier,0,0,0,1,0,0,0
Gordin,43,31,25,32,17,148,3,3_4,Gray,Bow,Infantry,0,0,0,1,0,0,0
Zephiel,55,35,16,38,24,168,3,Grand_Hero_Battle,Red,Sword,Armored,0,0,0,1,0,0,0
Odin,43,22,32,25,25,147,3,3_4,Blue,Tome,Infantry,0,0,0,1,0,0,0
Est,36,35,30,24,32,157,2,3_4,Blue,Lance,Flier,0,0,0,1,0,0,0
Narcian,42,29,29,32,26,158,5,2,Green,Axe,Flier,0,0,0,1,0,0,0
Tiki (Adult),40,35,23,35,24,157,3,3_4,Red,Dragon,Infantry,0,0,0,1,0,0,0
Raven,41,34,35,25,22,157,2,3_4,Green,Axe,Infantry,0,0,0,1,0,0,0
Olwen,34,26,34,20,30,144,4,5_star,Blue,Tome,Horse,0,0,0,1,0,0,0
Henry,45,23,22,32,25,147,4,3_4,Red,Tome,Infantry,0,0,0,1,0,0,0
Nowi,45,34,27,30,27,163,3,3_4,Blue,Dragon,Infantry,0,0,0,0,0,0,0
Bartre,49,36,25,33,13,156,4,3_4,Green,Axe,Infantry,0,0,0,1,0,0,0
Arthur,43,32,29,30,24,158,3,3_4,Green,Axe,Infantry,0,0,0,1,0,0,0
Peri,35,33,33,23,30,154,3,3_4,Blue,Lance,Horse,0,0,0,1,0,0,0
Hinata,47,32,24,36,18,157,4,3_4,Red,Sword,Infantry,0,0,0,1,0,0,0
Florina,42,29,27,25,34,157,5,3_4,Blue,Lance,Flier,0,0,0,1,0,0,0
Hawkeye,45,33,22,28,30,158,3,3_4,Green,Axe,Infantry,0,0,0,1,0,0,0
Fir,41,25,36,24,31,157,3,3_4,Red,Sword,Infantry,0,0,0,1,0,0,0
Merric,43,26,32,28,19,148,3,3_4,Green,Tome,Infantry,0,0,0,1,0,1,0
Laslow,44,35,26,30,22,157,1,3_4,Red,Sword,Infantry,0,0,0,1,0,0,0
Selena,37,25,35,32,28,157,3,3_4,Red,Sword,Infantry,0,0,0,1,0,0,0
Lon'qu,45,29,39,22,22,157,2,3_4,Red,Sword,Infantry,0,0,0,1,0,0,0
Sheena,45,30,25,36,33,169,3,3_4,Green,Axe,Armored,0,0,0,0,0,0,0
Cecilia,36,32,25,22,29,144,5,3_4,Green,Tome,Horse,0,0,0,0,0,0,0
Eldigan,45,32,24,34,19,154,2,5_Legacy,Red,Sword,Horse,0,0,0,1,0,0,0
Reinhardt,38,32,23,27,25,145,2,3_4,Blue,Tome,Horse,0,0,0,1,0,0,0
Cordelia,40,35,35,22,25,157,3,3_4,Blue,Lance,Flier,0,0,0,1,0,0,0
Bridal Lyn,39,28,34,23,24,148,4,5_star,Gray,Staff,Infantry,0,0,0,0,0,0,0
Mae,35,36,31,16,30,148,3,3_4,Blue,Tome,Infantry,0,0,0,1,0,0,0
Genny,32,35,25,21,34,147,4,5_Legacy,Gray,Staff,Infantry,0,0,0,0,0,0,0
Lloyd,41,32,35,20,30,158,4,Grand_Hero_Battle,Red,Sword,Infantry,0,0,0,1,0,0,0
Bridal Caeda,33,29,37,19,30,148,4,5_star,Blue,Tome,Infantry,0,0,0,0,0,0,0
Bridal Charlotte,46,36,32,24,19,157,4,5_star,Blue,Lance,Infantry,0,0,0,0,0,0,0
Bridal Cordelia,36,35,35,19,22,147,3,5_star,Gray,Bow,Infantry,0,0,0,0,0,0,0
Camus,42,32,33,31,17,155,4,Grand_Hero_Battle,Blue,Lance,Horse,0,0,0,0,0,0,0
Celica,39,32,33,22,22,148,2,5_Legacy,Red,Tome,Infantry,0,0,0,1,0,0,0
Masked Marth,43,34,36,25,19,157,3,Tempest_Trial,Red,Sword,Infantry,0,0,0,1,0,0,0
Katarina,34,32,34,15,32,147,3,5_Legacy,Red,Tome,Infantry,0,0,0,1,0,0,0
Roderick,40,31,34,25,24,154,4,3_4,Blue,Lance,Horse,0,0,0,1,0,0,0
Athena,36,31,38,27,24,156,4,3_4,Red,Sword,Infantry,0,0,0,1,0,0,0
Luke,43,34,28,30,20,155,3,5_Legacy,Red,Sword,Horse,0,0,0,1,0,0,0
Boey,43,29,27,32,18,149,4,3_4,Green,Tome,Infantry,0,0,0,1,0,0,0
Mist,39,27,28,20,34,148,5,5_Legacy,Gray,Staff,Infantry,0,0,0,0,0,0,0
Karel,47,30,35,25,20,157,3,5_Legacy,Red,Sword,Infantry,0,0,0,1,0,0,0
Spring Lucina,35,29,36,22,25,147,4,5_star,Blue,Tome,Infantry,0,0,0,0,0,0,0
Ninian,42,24,33,23,27,149,3,5_Legacy,Blue,Dragon,Infantry,0,0,0,0,1,0,0
Jaffar,41,26,33,25,22,147,4,5_Legacy,Gray,Dagger,Infantry,0,0,0,1,0,0,0
Rebecca,37,29,34,21,27,148,4,3_4,Gray,Bow,Infantry,0,0,0,1,0,0,0
Lucius,37,32,30,13,35,147,4,3_4,Gray,Staff,Infantry,0,0,0,0,0,0,0
Priscilla,36,29,29,19,32,145,3,3_4,Gray,Staff,Horse,0,0,0,0,0,0,0
Spring Xander,40,25,28,35,26,154,5,5_star,Blue,Lance,Horse,0,0,0,0,0,0,0
Spring Camilla,39,35,25,30,19,148,4,5_star,Green,Tome,Flier,0,0,0,0,0,0,0
Titania,37,28,34,25,30,154,4,3_4,Green,Axe,Horse,0,0,0,1,0,0,0
Spring Chrom,43,35,32,28,20,158,4,5_star,Green,Axe,Infantry,0,0,0,0,0,0,0
Faye,42,30,25,26,31,154,3,5_Legacy,Gray,Bow,Infantry,0,0,0,1,0,0,0
Lukas,45,35,22,38,17,157,4,3_4,Blue,Lance,Infantry,0,0,0,1,0,0,0
Clair,37,26,36,24,33,156,3,3_4,Blue,Lance,Flier,0,0,0,1,0,0,0
Ike,42,35,31,32,18,158,2,5_Legacy,Red,Sword,Infantry,0,0,0,1,0,0,0
Soren,36,33,33,17,29,148,3,3_4,Green,Tome,Infantry,0,0,0,1,0,0,0
Donnel,43,35,29,32,23,162,4,3_4,Blue,Lance,Infantry,0,0,0,0,0,0,0
Sully,42,26,34,24,28,154,4,3_4,Blue,Lance,Horse,0,0,0,1,0,0,0
Legion,46,36,35,22,18,157,3,Grand_Hero_Battle,Green,Axe,Infantry,0,0,0,0,0,0,0
Effie,50,40,22,33,23,168,3,3_4,Blue,Lance,Armored,0,0,0,0,0,0,0
Minerva,40,31,33,32,22,158,4,5_Legacy,Green,Axe,Flier,0,0,0,1,0,0,0
Linde,35,35,36,14,27,147,3,5_Legacy,Blue,Tome,Infantry,0,0,0,1,0,0,0
Jeorge,37,32,32,24,22,147,4,3_4,Gray,Bow,Infantry,0,0,0,1,0,0,0
Navarre,42,31,37,23,24,157,3,Grand_Hero_Battle,Red,Sword,Infantry,0,0,0,1,0,0,0
Ogma,47,35,34,28,13,157,3,3_4,Red,Sword,Infantry,0,0,0,1,0,0,0
Wrys,42,24,23,22,36,147,5,3_4,Gray,Staff,Infantry,0,0,0,0,0,0,0
Jagen,37,27,24,25,35,148,5,3_4,Blue,Lance,Horse,0,0,0,1,0,0,0
Draug,50,30,32,39,18,169,3,3_4,Red,Sword,Armored,0,0,0,0,0,0,0
Robin (F),40,29,29,29,22,149,5,Grand_Hero_Battle,Green,Tome,Infantry,0,0,0,1,0,0,0
Cain,42,32,32,27,21,154,4,3_4,Red,Sword,Horse,0,0,0,1,0,0,0
Abel,39,33,32,25,25,154,4,3_4,Blue,Lance,Horse,0,0,0,1,0,0,0
Caeda,36,25,37,24,34,156,3,3_4,Red,Sword,Flier,0,0,0,1,0,0,0
Felicia,34,23,37,18,35,147,4,3_4,Gray,Dagger,Infantry,0,0,0,1,0,0,0
Elise,30,32,32,19,32,145,3,5_Legacy,Gray,Staff,Horse,0,0,0,0,0,0,0
Corrin (F),41,27,34,34,21,157,4,3_4,Blue,Dragon,Infantry,0,0,0,0,0,0,0
Catria,39,31,34,29,25,158,2,3_4,Blue,Lance,Flier,0,0,0,1,0,0,0
Lucina,43,34,36,25,19,157,3,5_Legacy,Red,Sword,Infantry,0,0,0,1,0,0,0
Anna,41,29,38,22,28,158,5,4_Star_Story,Green,Axe,Infantry,0,0,0,1,0,0,0
Azura,36,31,33,21,28,149,2,5_Legacy,Blue,Lance,Infantry,0,0,0,0,1,0,0
Marth,41,31,34,29,23,158,3,3_4,Red,Sword,Infantry,0,0,0,1,0,0,0
Tiki (Young),41,31,30,32,29,163,3,5_Legacy,Red,Dragon,Infantry,0,0,0,1,0,0,0
Roy,44,30,31,25,28,158,3,3_4,Red,Sword,Infantry,0,0,0,1,0,0,0
Lyn,37,28,37,26,29,157,4,5_Legacy,Red,Sword,Infantry,0,0,0,1,0,0,0
Robin (M),40,29,29,29,22,149,5,3_4,Blue,Tome,Infantry,0,0,0,0,0,0,0
Corrin (M),42,32,32,28,24,158,2,3_4,Red,Sword,Infantry,0,0,0,1,0,0,0
Takumi,40,32,33,25,18,148,4,5_Legacy,Gray,Bow,Infantry,0,0,0,1,0,0,0
Stahl,45,31,26,30,22,154,4,3_4,Red,Sword,Horse,0,0,0,1,0,0,0
Lilina,35,37,25,19,31,147,3,3_4,Red,Tome,Infantry,0,0,0,1,0,0,0
Azama,43,21,26,32,25,147,5,3_4,Gray,Staff,Infantry,0,0,0,0,0,0,0
Beruka,46,29,23,37,22,157,4,3_4,Green,Axe,Flier,0,0,0,1,0,0,0
Camilla,37,30,32,28,31,158,4,3_4,Green,Axe,Flier,0,0,0,1,0,0,0
Maria,36,27,34,19,32,148,4,3_4,Gray,Staff,Infantry,0,0,0,0,0,0,0
Palla,42,31,31,28,26,158,4,3_4,Red,Sword,Flier,0,0,0,1,0,0,0
Sophia,40,33,19,28,29,149,2,3_4,Red,Tome,Infantry,0,0,0,1,0,0,0
Gaius,42,29,36,22,19,148,4,3_4,Gray,Dagger,Infantry,0,0,0,1,0,0,0
Ursula,35,29,32,19,30,145,3,Grand_Hero_Battle,Blue,Tome,Horse,0,0,0,1,0,0,0
Virion,46,31,31,26,13,147,3,3_4,Gray,Bow,Infantry,0,0,0,1,0,0,0
Xander,44,32,24,37,17,154,4,Grand_Hero_Battle,Red,Sword,Horse,0,0,0,1,0,0,0
Gwendolyn,49,30,24,38,28,169,3,3_4,Blue,Lance,Armored,0,0,0,1,0,0,0
Oboro,40,32,26,35,24,157,4,3_4,Blue,Lance,Infantry,0,0,0,1,0,0,0
Olivia,36,28,33,27,26,150,3,3_4,Red,Sword,Infantry,0,0,0,0,1,0,0
Kagero,31,35,32,22,28,148,2,3_4,Gray,Dagger,Infantry,0,0,0,1,0,0,0
Subaki,40,25,35,35,22,157,4,3_4,Blue,Lance,Flier,0,0,0,1,0,0,0
Clarine,35,25,33,22,29,144,3,3_4,Gray,Staff,Horse,0,0,0,0,0,0,0
Saizo,36,29,34,33,16,148,4,3_4,Gray,Dagger,Infantry,0,0,0,1,0,0,0
Shanna,39,30,35,25,29,158,4,3_4,Blue,Lance,Flier,0,0,0,1,0,0,0
Serra,33,30,31,21,33,148,4,3_4,Gray,Staff,Infantry,0,0,0,0,0,0,0
Setsuna,37,28,37,22,23,147,4,3_4,Gray,Bow,Infantry,0,0,0,0,0,0,0
Niles,37,25,34,17,34,147,4,3_4,Gray,Bow,Infantry,0,0,0,1,0,0,0
Tharja,39,32,34,23,20,148,1,3_4,Red,Tome,Infantry,0,0,0,1,0,0,0
Sakura,36,28,30,24,30,148,5,3_4,Gray,Staff,Infantry,0,0,0,0,0,0,0
Barst,46,33,32,30,17,158,3,3_4,Green,Axe,Infantry,0,0,0,1,0,0,0
Hana,37,35,36,23,26,157,3,3_4,Red,Sword,Infantry,0,0,0,1,0,0,0
Cherche,46,38,25,32,16,157,3,3_4,Green,Axe,Flier,0,0,0,1,0,0,0
Chrom,47,37,25,31,17,157,4,3_4,Red,Sword,Infantry,0,0,0,1,0,0,0
Eliwood,39,31,30,23,32,155,2,3_4,Red,Sword,Horse,0,0,0,1,0,0,0
Fae,46,33,28,25,30,162,3,3_4,Green,Dragon,Infantry,0,0,0,0,0,0,0
Frederick,43,35,25,36,14,153,4,3_4,Green,Axe,Horse,0,0,0,1,0,0,0
Gunter,43,32,24,33,18,150,4,3_4,Green,Axe,Horse,0,0,0,1,0,0,0
Hinoka,41,35,32,25,24,157,4,5_Legacy,Blue,Lance,Flier,0,0,0,1,0,0,0
Ryoma,41,34,35,27,21,158,3,5_Legacy,Red,Sword,Infantry,0,0,0,1,0,0,0
Jakob,39,29,31,25,24,148,4,3_4,Gray,Dagger,Infantry,0,0,0,1,0,0,0
Leo,39,29,22,25,30,145,5,5_Legacy,Red,Tome,Horse,0,0,0,1,0,0,0
Lissa,39,26,25,28,30,148,5,3_4,Gray,Staff,Infantry,0,0,0,0,0,0,0
Matthew,41,25,34,30,18,148,4,3_4,Gray,Dagger,Infantry,0,0,0,1,0,0,0
Nino,33,33,36,19,26,147,2,3_4,Green,Tome,Infantry,0,0,0,1,0,0,0
Raigh,36,32,29,22,29,148,5,3_4,Red,Tome,Infantry,0,0,0,1,0,0,0
Clarisse,37,31,34,25,20,147,5,Grand_Hero_Battle,Gray,Bow,Infantry,0,0,0,0,0,0,0
Summer Robin (F),35,32,34,28,29,158,4,5_star,Blue,Lance,Infantry,0,0,0,0,0,0,0
Bridal Sanaki,35,36,30,16,33,150,3,5_star,Green,Tome,Flier,0,0,0,1,0,0,0
New Year Azura,37,30,35,22,26,150,3,5_star,Green,Axe,Flier,0,0,0,0,1,0,0
Hector (LA),50,38,21,40,24,173,2,5_star,Green,Axe,Armored,0,0,0,1,0,0,0
Lilina (LA),34,35,30,20,26,145,4,5_star,Green,Tome,Horse,0,0,0,0,0,0,0
Legendary Ike,41,36,30,35,21,163,2,5_star,Red,Sword,Infantry,1,0,0,1,0,1,0
Marisa,46,30,36,30,21,163,4,Tempest_Trial,Red,Sword,Infantry,0,0,0,0,0,0,0
Eirika (SM),36,31,35,20,22,144,2,5_star,Red,Tome,Horse,0,0,0,1,0,0,0
L'Arachel,33,33,31,17,31,145,4,3_4,Blue,Tome,Horse,0,0,0,1,0,0,0
Myrrh,42,33,25,36,31,167,3,5_star,Green,Dragon,Flier,0,0,0,1,0,0,0
Lyon,41,34,21,26,30,152,4,Grand_Hero_Battle,Red,Tome,Infantry,0,0,0,1,0,0,0
Oliver,42,32,20,23,34,151,5,Grand_Hero_Battle,Blue,Tome,Infantry,0,0,0,0,0,0,0
Zelgius,46,36,33,38,21,174,2,5_star,Red,Sword,Armored,0,0,0,1,0,1,1
Sothe,39,36,33,22,21,151,2,3_4,Gray,Dagger,Infantry,0,0,0,1,0,0,0
Micaiah,35,35,28,18,35,151,2,5_star,Blue,Tome,Infantry,0,0,0,1,1,0,0
New Year Corrin (M),37,32,30,34,18,151,4,Tempest_Trial,Gray,Bow,Infantry,0,0,0,0,0,0,0
Roy (LA),34,35,19,27,30,145,3,5_star,Gray,Bow,Horse,0,0,0,0,0,0,0
Loki,42,33,35,16,25,151,2,5_star,Gray,Staff,Infantry,0,0,0,1,0,0,0
Laevatein,39,37,31,34,22,163,2,5_star,Red,Sword,Infantry,0,0,0,1,0,0,0
Rhajat,36,35,34,21,24,150,3,5_star,Green,Tome,Infantry,0,0,0,0,0,0,0
Shiro,41,35,30,35,22,163,4,5_star,Blue,Lance,Infantry,0,0,0,1,0,0,0
Siegbert,41,34,35,31,16,157,4,5_star,Red,Sword,Horse,0,0,0,1,0,0,0
Soleil,37,38,35,28,24,162,3,3_4,Red,Sword,Infantry,0,0,0,0,0,0,0
Winter Lissa,43,33,30,35,34,175,2,5_star,Green,Axe,Armored,0,0,0,0,0,0,0
New Year Camilla,40,33,35,31,23,162,4,5_star,Red,Sword,Flier,0,0,0,0,0,0,0
Winter Chrom,51,40,19,35,29,174,2,5_star,Green,Axe,Armored,0,0,0,0,0,0,0
Winter Robin,45,35,34,35,25,174,2,5_star,Blue,Lance,Armored,0,0,0,0,0,0,0
Winter Tharja,43,34,18,34,36,165,2,5_star,Red,Tome,Armored,0,0,0,0,0,0,0
Gunnthrá,37,31,33,19,25,145,3,5_star,Green,Tome,Horse,1,0,0,1,0,0,1
New Year Takumi,40,34,34,17,27,152,3,5_star,Gray,Dagger,Infantry,0,0,0,0,0,0,0
Lyn (LA),37,31,36,27,34,165,2,5_star,Blue,Tome,Armored,0,0,0,0,0,0,0
Eliwood (LA),47,38,32,29,29,175,2,Tempest_Trial,Blue,Lance,Armored,0,0,0,0,0,0,0
Fjorm,39,30,31,30,34,164,3,5_star,Blue,Lance,Infantry,1,0,0,1,0,1,0
Kaze,34,30,36,17,34,151,3,3_4,Gray,Dagger,Infantry,0,0,0,0,0,0,0
Saias,36,33,30,18,34,151,3,Grand_Hero_Battle,Blue,Tome,Infantry,0,0,0,1,0,0,0
Kana (F),40,30,34,33,26,163,1,5_star,Green,Dragon,Infantry,0,0,0,1,0,0,0
Shigure,40,33,37,27,25,162,4,3_4,Blue,Lance,Flier,0,0,0,0,1,0,0
Hinoka (WF),37,32,35,17,29,150,3,5_star,Gray,Bow,Flier,0,0,0,1,0,0,0
Kana (M),40,31,33,31,29,164,3,Grand_Hero_Battle,Blue,Dragon,Infantry,0,0,0,0,0,0,0
Legendary Lyn,36,31,36,21,27,151,4,5_star,Green,Bow,Infantry,1,0,0,1,0,0,1
Reinhardt (WT),40,35,23,31,28,157,2,5_star,Red,Sword,Horse,0,0,0,1,0,0,0
Ares,40,36,30,33,18,157,2,3_4,Red,Sword,Horse,0,0,0,1,0,0,0
Lene,35,28,35,23,28,149,3,5_star,Red,Sword,Infantry,0,0,0,0,1,0,0
Ishtar,38,34,36,17,26,151,2,5_star,Blue,Tome,Infantry,0,0,0,1,0,0,0
Julius,38,35,27,16,35,151,4,Grand_Hero_Battle,Red,Tome,Infantry,0,0,0,1,0,0,0
Bridal Ninian,34,28,33,18,27,140,3,5_star,Blue,Tome,Flier,0,0,0,0,1,0,0
Olwen (WT),34,30,35,19,27,145,3,5_Legacy,Green,Tome,Horse,0,0,0,1,0,0,0
Legendary Robin (F),40,32,35,30,25,162,3,5_star,Gray,Dragon,Flier,1,0,0,1,0,0,1
Fallen Celica,40,35,35,27,26,163,4,5_star,Red,Sword,Infantry,0,0,0,1,0,0,0
Finn,40,34,33,32,18,157,4,Tempest_Trial,Blue,Lance,Horse,0,0,0,0,0,0,0
Fallen Hardin,45,34,28,36,32,175,2,5_star,Blue,Lance,Armored,0,0,0,0,0,0,0
Fallen Robin (M),48,40,24,35,27,174,2,5_star,Green,Dragon,Armored,0,0,0,1,0,0,0
Fallen Takumi,37,31,34,25,24,151,4,Grand_Hero_Battle,Gray,Bow,Infantry,0,0,0,1,0,0,0
Legendary Ephraim,43,36,27,33,18,157,2,5_star,Blue,Lance,Horse,1,0,0,1,0,0,1
Leif,40,32,38,30,23,163,3,5_star,Red,Sword,Infantry,0,0,0,1,0,0,1
Nanna,36,27,34,21,26,144,3,3_4,Gray,Staff,Horse,0,0,0,0,0,0,0
Morgan (F),37,34,30,16,33,150,3,5_star,Blue,Tome,Flier,0,0,0,1,0,0,0
Spring Kagero,36,35,34,18,27,150,3,5_star,Gray,Dagger,Flier,0,0,0,0,0,0,0
Morgan (M),37,33,34,20,26,150,3,3_4,Red,Tome,Infantry,0,0,0,1,0,0,0
Exalted Chrom,41,37,28,34,17,157,4,5_star,Red,Sword,Horse,0,0,0,1,0,0,0
Gerome,45,38,25,34,19,161,5,Tempest_Trial,Green,Axe,Flier,0,0,0,0,0,0,0
Spring Catria,36,32,35,18,23,144,3,5_star,Blue,Tome,Horse,0,0,0,1,0,0,0
Spring Sharena,37,32,36,16,30,151,3,5_star,Green,Tome,Infantry,0,0,0,1,0,0,0
Spring Alfonse,41,35,33,30,18,157,4,5_star,Green,Axe,Horse,0,0,0,0,0,0,0
Surtr,50,39,17,40,33,179,1,5_star,Green,Axe,Armored,0,0,0,1,0,0,1
Lute,33,36,32,16,34,151,3,5_Legacy,Blue,Tome,Infantry,0,0,0,1,0,0,0
Summer Tiki (Adult),35,36,30,32,24,157,4,5_star,Green,Axe,Infantry,0,0,0,0,0,0,0
Mathilda,35,29,32,24,34,154,3,3_4,Blue,Lance,Horse,0,0,0,1,0,0,0
Gray,43,35,32,30,22,162,3,5_Legacy,Red,Sword,Infantry,0,0,0,1,0,0,0
Delthea,33,36,34,13,31,147,3,5_Legacy,Blue,Tome,Infantry,0,0,0,1,0,0,0
Leon,39,34,30,30,15,148,3,3_4,Gray,Bow,Infantry,0,0,0,1,0,0,0
Saber,40,31,33,32,22,158,2,5_Legacy,Red,Sword,Infantry,0,0,0,1,0,0,0
Berkut,43,34,22,31,24,154,5,Grand_Hero_Battle,Blue,Lance,Horse,0,0,0,1,0,0,0
Summer Gaius,34,30,37,19,28,148,4,5_star,Gray,Bow,Infantry,0,0,0,0,0,0,0
Summer Frederick,40,32,31,28,18,149,3,5_star,Gray,Dagger,Infantry,0,0,0,0,0,0,0
Alm,45,33,30,28,22,158,2,5_Legacy,Red,Sword,Infantry,0,0,0,1,0,0,0
Tobin,46,31,27,33,26,163,4,Tempest_Trial,Red,Sword,Infantry,0,0,0,1,0,0,0
Sonya,36,33,31,15,32,147,2,5_Legacy,Green,Tome,Infantry,0,0,0,1,0,0,0
Clive,45,33,25,32,19,154,3,Tempest_Trial,Blue,Lance,Horse,0,0,0,1,0,0,0
Joshua,40,31,35,30,28,164,4,Tempest_Trial,Red,Sword,Infantry,0,0,0,1,0,0,0
Arvis,33,34,31,17,33,148,3,Grand_Hero_Battle,Red,Tome,Infantry,0,0,0,1,0,0,1
Performing Inigo,37,28,33,22,20,140,3,5_star,Green,Tome,Infantry,0,0,0,0,1,0,0
Performing Shigure,34,31,29,21,24,139,3,5_star,Blue,Tome,Infantry,0,0,0,0,0,0,0
Tailtiu,39,32,35,17,25,148,2,3_4,Blue,Tome,Infantry,0,0,0,1,0,0,0
Deirdre,36,33,28,16,35,148,2,5_Legacy,Green,Tome,Infantry,0,0,0,1,0,0,0
Sigurd,41,35,32,34,17,159,4,5_Legacy,Red,Sword,Horse,0,0,0,1,0,0,1
Arden,60,36,16,41,16,169,3,4_5,Red,Sword,Armored,0,0,0,0,0,0,1
Ayra,41,33,37,31,21,163,3,5_Legacy,Red,Sword,Infantry,0,0,0,1,0,1,0
Performing Olivia,34,28,34,16,28,140,3,5_star,Gray,Dagger,Infantry,0,0,0,0,1,0,0
Halloween Sakura,33,32,34,14,34,147,3,5_star,Gray,Dagger,Infantry,0,0,0,0,0,0,0
Halloween Jakob,42,35,23,33,32,165,2,5_star,Gray,Bow,Armored,0,0,0,0,0,0,0
Halloween Henry,36,33,34,26,36,165,2,5_star,Green,Tome,Armored,0,0,0,0,0,0,0
Halloween Nowi,34,34,32,20,27,147,3,5_star,Red,Tome,Flier,0,0,0,1,0,0,0
Mia,38,32,40,28,25,163,2,5_Legacy,Red,Sword,Infantry,0,0,0,1,0,0,0
Dorcas,45,35,23,35,24,162,3,5_Legacy,Green,Axe,Infantry,0,0,0,1,0,0,0
Performing Azura,35,32,34,20,28,149,2,5_star,Green,Axe,Infantry,0,0,0,1,1,0,0
Black Knight,48,34,34,35,18,169,2,Tempest_Trial,Red,Sword,Armored,0,0,0,1,0,1,0
Summer Xander,43,32,30,36,16,157,4,5_star,Green,Axe,Infantry,0,0,0,0,0,0,0
Tana,36,34,36,25,25,156,4,5_Legacy,Blue,Lance,Flier,0,0,0,1,0,0,0
Summer Elise,34,36,34,18,25,147,3,5_star,Green,Tome,Infantry,0,0,0,0,0,0,0
Summer Leo,37,32,27,16,35,147,5,5_star,Red,Tome,Infantry,0,0,0,0,0,0,0
Summer Corrin (F),34,31,34,22,26,147,4,5_star,Blue,Tome,Flier,0,0,0,0,0,0,0
Amelia,47,34,34,35,23,173,2,5_Legacy,Green,Axe,Armored,0,0,0,1,0,0,0
Innes,35,33,34,14,31,147,3,5_Legacy,Gray,Bow,Infantry,0,0,0,1,0,0,0
Seth,37,32,31,32,22,154,4,3_4,Red,Sword,Horse,0,0,0,1,0,0,0
Valter,42,32,31,34,19,158,4,Grand_Hero_Battle,Blue,Lance,Flier,0,0,0,1,0,0,0
Elincia,35,34,36,24,27,156,2,5_Legacy,Red,Sword,Flier,0,0,0,1,0,0,0
Brave Lucina,41,34,36,27,19,157,1,5_Legacy,Blue,Lance,Infantry,0,0,0,1,0,0,0
Brave Roy,38,32,34,26,24,154,2,5_Legacy,Red,Sword,Horse,0,0,0,1,0,0,0
Brave Lyn,35,33,35,18,28,149,2,5_Legacy,Gray,Bow,Horse,0,0,0,1,0,0,1
Brave Ike,43,36,28,35,20,162,1,5_Legacy,Green,Axe,Infantry,0,0,0,1,0,0,1
Nephenee,37,31,35,34,20,157,3,5_Legacy,Blue,Lance,Infantry,0,0,0,1,1,0,0
Oscar,40,33,34,26,21,154,3,3_4,Blue,Lance,Horse,0,0,0,1,0,0,0